Workbook

Sheet Intructions
C3: 8D Problem Solving
C5: Who is Impacted by the Problem? | F5: Date Open: | I5: 8D No.: | J5: 0
C7: Customer: | F7: Initial Response: | I7: Customer Complaint No.:
C9: Address: | F9: Target Close Date:
C11: Location: | F11: Revision Date(s):
C13: Part No./Code | F13: 8D Initiator:
C15: Product Name: | F15: 8D Initiator's Spvr:
F17: Actual Close Date:
C19: D1 Team Member Names/Titles: | F19: D2 Problem Statement/Description (quantify) (one defect per 8D):
C21: Champion: | F21: What are the symptoms that the customer is seeing? Specify the internal/external customer problems by identifying in quantifiable terms who, what, when, where, why, how, how many (5W2H) of the problem.
C23: Team Leader:
C25: Team Members:
C29: D3 Choose and Verify Interim Containment Action(s) (ICA): | I29: % Effective: | J29: Target Date: | K29: Actual Date:
C31: Define and implement containment actions to isolate the problem from any internal/external customer until permanent corrective action is available. Verify the effectiveness of the action. The ICA is a type of 'Band-Aid' used to protect the customer until the root cause is determined and the permanent correction can be implemented. | I31: How effective is your ICA so the customer does not see the problem?
C39: D4 Define and Verify Root Cause(s) | J39: % Contribution:
C40: Identify all potential causes (due to a change) which could explain why the problem occurred. Isolate and verify the Root Cause by testing each potential cause against the problem description and test data (does it explain the IS,IS/NOT'S in D2?). Identify alternative corrective actions to eliminate root cause. | J40: What % of the problem is caused by the root cause(s) (must have 100% total)
C47: D5 Choose and Verify Permenant Corrective Action(s) (PCA): | J47: % Effective:
C48: Through pre-production test programs, quantitatively confirm that the selected corrective actions will resolve the problems for the customer and will not cause undesirable side effects. Define contingency action, if necessary based on the risk assessments. This step describes WHAT you will do. | J48: How effective is your PCA so the problem is cured not masked? (must have 100% total)
C55: D6 Implement and Validate Permentant Corrective Action(s) (PCA): | J55: Target Date: | K55: Actual Date:
C56: Define and implement the best permanent corrective actions. Include the removal of the ICA. Choose on-going controls to ensure the root cause is eliminated. Once in production, monitor and evaluate the long-term effects and implement contingency actions, if necessary. This step describes HOW you will do it.
C63: D7 System Prevention Actions to Prevent Reoccurence: Mistake Proofing: How are you going to ensure it can't happen again? | J63: Target Date: | K63: Actual Date:
C64: Modify the management systems, operating systems, practices and procedures to prevent recurrence of this and all similar problems. (What is the "Escape Root Cause"? What in your system allowed this problem or any problem from leaving your plant and not getting detected?). Choose on-going controls, including mistake proofing methodology, such as the use of process or design features to prevent manufacture of nonconforming product/service. Review control plans, FMEA's, flowcharts, etc. for revisions.
C67: Have Corrective Action/Implementation Been Reviewed Against Documents:?
C68: Check boxes that apply:
C69: D8 TEAM AND INDIVIDUAL RECOGNITION: Recognize the collective efforts of the team.

Sheet Blank 8D
C3: 8D Problem Solving
C5: Who is Impacted by the Problem? | F5: Date Open: | G5: 46242 | I5: 8D No.: | J5: NC-123
C7: Customer: | D7: Yorke Coorp. | F7: Initial Response: | G7: Halt production | I7: Customer Complaint No.: | J7: 2026-123
C9: Address: | D9: New Yok, NY | F9: Target Close Date: | G9: 46335
C11: Location: | D11: USA | F11: Revision Date(s):
C13: Part No./Code | D13: Part-123 | F13: 8D Initiator: | G13: Tom Yorke
C15: Product Name: | D15: Some Product | F15: 8D Initiator's Spvr: | G15: n/a
F17: Actual Close Date:
C19: D1 Team Member Names/Titles: | F19: D2 Problem Statement/Description (quantify) (one defect per 8D):
C21: Champion: | D21: Tom Yorke | F21: Some problem occurred during production at some machine equipment and it damaged some part.
C23: Team Leader: | D23: Tom Yorke
C25: Team Members: | D25: Tom Yorke, Some Guy, Some Gal
C29: D3 Choose and Verify Interim Containment Action(s) (ICA): | I29: % Effective: | J29: Target Date: | K29: Actual Date:
C31: Party isolated. Party no: 12345 | I31: 1 | J31: 46242 | K31: 46242
C39: D4 Define and Verify Root Cause(s) | J39: % Contribution:
C47: D5 Choose and Verify Permenant Corrective Action(s) (PCA): | J47: % Effective:
C55: D6 Implement and Validate Permentant Corrective Action(s) (PCA): | J55: Target Date: | K55: Actual Date:
C63: D7 System Prevention Actions to Prevent Reoccurence: Mistake Proofing: How are you going to ensure it can't happen again? | J63: Target Date: | K63: Actual Date:
C67: Have Corrective Action/Implementation Been Reviewed Against Documents:?
C68: Check boxes that apply:
C69: D8 TEAM AND INDIVIDUAL RECOGNITION: Recognize the collective efforts of the team.

Sheet Problem Description D2
C3: ='Blank 8D'!J5 -> NC-123 | E3: PROBLEM DESCRIPTION (D2)
C5: 1. Operational Definition What's wrong with what? Why? | E5: ='Blank 8D'!F21 -> Some problem occurred during production at some machine equipment and it damaged some part.
C7: 2. Description of Problem | E7: IS | F7: IS NOT | G7: GET INFO ON
C9: WHAT Object
C10: Defect
C12: WHERE Seen on object
C13: Seen geographically
C15: WHEN First seen
C16: When else seen
C17: When seen in process (life cycle)
C19: HOW BIG How many objects have the defect?
C20: How many defects per object?
C21: What is the trend?

Sheet Problem Solving Worksheet D4
C3: {='Blank 8D'!J5:K5} -> NC-123 | D3: 0 | E3: PROBLEM SOLVING WORKSHEET (D4)
C5: 1. Operational Definition What's wrong with what? Why? | F5: ='Blank 8D'!F21 -> Some problem occurred during production at some machine equipment and it damaged some part.
C7: 2. Description of Problem | E7: IS | F7: IS NOT | G7: 3. Deductions About Facts and Other Information | L7: 4. Possible Causes
G8: 3a. Differences | H8: 3b. Changes | I8: Date | L8: List Change-How Theories
C10: WHAT Object | E10: ='Problem Description D2'!E9 -> 0 | F10: ='Problem Description D2'!F9 -> 0 | K10: A | L10: 1
C11: Defect | E11: ='Problem Description D2'!E10 -> 0 | F11: ='Problem Description D2'!F10 -> 0 | K11: B | L11: 2
C13: WHERE Seen on object | E13: ='Problem Description D2'!E12 -> 0 | F13: ='Problem Description D2'!F12 -> 0 | K13: C | L13: 3
C14: Seen geographically | E14: ='Problem Description D2'!E13 -> 0 | F14: ='Problem Description D2'!F13 -> 0 | K14: D | L14: 4
C16: WHEN First seen | E16: ='Problem Description D2'!E15 -> 0 | F16: ='Problem Description D2'!F15 -> 0 | K16: E | L16: 5
C17: When else seen | E17: ='Problem Description D2'!E16 -> 0 | F17: ='Problem Description D2'!F16 -> 0 | K17: F | L17: 6
C18: When seen in process (life cycle) | E18: ='Problem Description D2'!E17 -> 0 | F18: ='Problem Description D2'!F17 -> 0 | K18: G | L18: 7
C20: HOW BIG How many objects have the defect? | E20: ='Problem Description D2'!E19 -> 0 | F20: ='Problem Description D2'!F19 -> 0 | L20: 5. Test causes for probability (+, -, ?) Page 2 Does it explain Is/Is Not fact?
C21: How many defects per object? | E21: ='Problem Description D2'!E20 -> 0 | F21: ='Problem Description D2'!F20 -> 0 | L21: 6. Steps to verify Root Cause? (make the problem come and go)
C22: What is the trend? | E22: ='Problem Description D2'!E21 -> 0 | F22: ='Problem Description D2'!F21 -> 0

Sheet Testing Possible Causes D4
C3: Instructions | E3: The theories should transfer over from the previous page. If they don't, retype the theories in.
C4: For each theory (potential root cause), ask "If the ______theory is the cause of my problem, does it explain, in and of itself, why the "IS" is affected, but never the "IS NOT"?
C5: Record: "+" (plus) for Yes: Both "IS" and "IS NOT" are explained
C6: Record: "-" (minus) for No: Does not explain "IS" and/or "IS NOT"
C7: Record: "?" (question mark) for need additional information to draw conclusion
C9: {='Blank 8D'!J5:K5} -> NC-123 | D9: 0 | E9: TESTING POSSIBLE CAUSES (D4 Continued)
C11: Change-How Theories | E11: ='Problem Solving Worksheet D4'!L10 -> 1 | F11: ='Problem Solving Worksheet D4'!L11 -> 2 | G11: ='Problem Solving Worksheet D4'!L13 -> 3 | H11: ='Problem Solving Worksheet D4'!L14 -> 4 | I11: ='Problem Solving Worksheet D4'!L16 -> 5 | J11: ='Problem Solving Worksheet D4'!L17 -> 6 | K11: ='Problem Solving Worksheet D4'!L18 -> 7
C13: "IS's" | E13: A | F13: B | G13: C | H13: D | I13: E | J13: F | K13: G
C15: 1
C16: 2
C17: 3
C18: 4
C19: 5
C20: 6
C21: 7
C22: 8
C23: 9
C24: 10
C25: 11
C26: 12
... C31: 17
C33: Comments/ Follow-Up Items

Sheet Decision Making (D3 & D5)
C3: {='Blank 8D'!J5:K5} -> NC-123 | D3: 0 | E3: DECISION MAKING WORKSHEET (D3 & D5)
C5: (1) END RESULT:
C7: (2) CRITERIA: | G7: (4) CHOICES AVAILABLE - (INNOVATE)
G9: A | J9: B | M9: C | P9: D
C11: GIVENS: (mandatory, measurable, realistic) | G11: (5) INFO | I11: Y/N | J11: (5) INFO | L11: Y/N | M11: (5) INFO | O11: Y/N | P11: (5) INFO | R11: Y/N
C21: WANTS: flexible limits, subjective, realistic | E21: (3) How Important (1-10) | G21: INFO | H21: (5) How Good (0-10) | I21: Score | J21: INFO | K21: (5) How Good (0-10) | L21: Score | M21: INFO | N21: (5) How Good (0-10) | O21: Score | P21: INFO | Q21: (5) How Good (0-10) | R21: Score
I23: =SUM(H23*E23) -> 0 | L23: =SUM(K23*E23) -> 0 | O23: =SUM(N23*E23) -> 0 | R23: =SUM(Q23*E23) -> 0
I24: =SUM(H24*E24) -> 0 | L24: =SUM(K24*E24) -> 0 | O24: =SUM(N24*E24) -> 0 | R24: =SUM(Q24*E24) -> 0
I25: =SUM(H25*E25) -> 0 | L25: =SUM(K25*E25) -> 0 | O25: =SUM(N25*E25) -> 0 | R25: =SUM(Q25*E25) -> 0
I26: =SUM(H26*E26) -> 0 | L26: =SUM(K26*E26) -> 0 | O26: =SUM(N26*E26) -> 0 | R26: =SUM(Q26*E26) -> 0
I27: =SUM(H27*E27) -> 0 | L27: =SUM(K27*E27) -> 0 | O27: =SUM(N27*E27) -> 0 | R27: =SUM(Q27*E27) -> 0
I28: =SUM(H28*E28) -> 0 | L28: =SUM(K28*E28) -> 0 | O28: =SUM(N28*E28) -> 0 | R28: =SUM(Q28*E28) -> 0
I29: =SUM(H29*E29) -> 0 | L29: =SUM(K29*E29) -> 0 | O29: =SUM(N29*E29) -> 0 | R29: =SUM(Q29*E29) -> 0
I30: =SUM(H30*E30) -> 0 | L30: =SUM(K30*E30) -> 0 | O30: =SUM(N30*E30) -> 0 | R30: =SUM(Q30*E30) -> 0
I31: =SUM(H31*E31) -> 0 | L31: =SUM(K31*E31) -> 0 | O31: =SUM(N31*E31) -> 0 | R31: =SUM(Q31*E31) -> 0
I32: =SUM(H32*E32) -> 0 | L32: =SUM(K32*E32) -> 0 | O32: =SUM(N32*E32) -> 0 | R32: =SUM(Q32*E32) -> 0
C34: Relative MERIT (total score) | E34: =SUM(E23:E32) -> 0 | H34: =SUM(I23:I32) -> 0 | K34: =SUM(L23:L32) -> 0 | N34: =SUM(O23:O32) -> 0 | Q34: =SUM(R23:R32) -> 0
E35: =E34*1000 -> 0

Sheet Risk Analysis
C3: {='Blank 8D'!J5:K5} -> NC-123 | D3: 0 | E3: DECISION MAKING WORKSHEET - RISK ANALYSIS (D3 & D5)
C5: (6) RISK ANALYSIS: State your risks in "IF…THEN" terms. | I5: "If we do this, what might happen, contrary to our interest?"
C6: Investigate one choice at a time | G6: 1st Choice | H6: P | I6: S | K6: 2nd Choice | L6: P | M6: S | O6: 3rd Choice | P6: P | Q6: S
C8: 1. RISK | E8: What characteristics of this choice may fail to satisfy the GIVENS?
C13: 2. RISK | E13: What features or characteristics of this choice compromise or threaten an important WANT?
C19: 3. UNIVERSAL
C20: Use the checklist to stimulate ideas.
C21: Basic Sources of Trouble:
C22: People
C23: Organization
C24: External Influences
C25: Facilities
C26: Equipment
C27: Ideas
C28: Policies
C29: Processes
C30: Materials
... C35: Personal Influence
C37: "SERIOUSNESS" No. 10 means rejection if "PROBABILITY" is certain (10 x 10). | K37: P = Probability (1-10) S = Severity (1-10) | O37: 7. Make the Final Balanced Choice

Sheet Plan & Problem Prevention
C3: Use your experience to identify parts of your plan that are complex, have tight deadlines, are high impact, or are new. Note: Move your cursor over the cells with red triangles for more information. | E3: Consider what might go wrong. | G3: Establish which parts most need your attention (Probability and Severity) | I3: Identify realistic possible causes. There may be more than one for each key step. | J3: How can you keep each possible cause from happening? | K3: What is your plan if a problem develops in a key step? Identify the person or position responsible to begin protection actions and what are the cues or dates to kick it off? | M3: 10. Review, revise, and communicate the final plan.
C5: {='Blank 8D'!J5:K5} -> NC-123 | D5: 0 | E5: PLANNING AND PROBLEM PREVENTION WORKSHEET (D6)
C7: 1. OBJECTIVE OF THE PLAN (Goal with timing):
C9: 2. KEY STEPS | E9: 3. POTENTIAL PROBLEMS | G9: 4. PRIORITY | I9: 5. POSSIBLE CAUSES | J9: 6. PREVENTION ACTIONS | K9: 7. PROTECTION ACTIONS | L9: 8. CUES (DATE OR EVENT) | M9: 9. WHO
G10: P | H10: S

Sheet Sheet9
